"pmed7.txt",10,2000000,0.2,"best_improvement"
"pmed8.txt",10,2000000,0.2,"best_improvement"
"pmed9.txt",10,2000000,0.2,"best_improvement"
"pmed11.txt",10,2000000,0.2,"best_improvement"
"pmed12.txt",10,2000000,0.2,"best_improvement"
"pmed13.txt",10,2000000,0.2,"best_improvement"
"pmed14.txt",10,2000000,0.2,"best_improvement"
"pmed15.txt",10,2000000,0.2,"best_improvement"
"pmed16.txt",10,2000000,0.2,"best_improvement"
"pmed17.txt",10,2000000,0.2,"best_improvement"
"pmed18.txt",10,2000000,0.2,"best_improvement"
"pmed19.txt",10,2000000,0.2,"best_improvement"
"pmed20.txt",10,2000000,0.2,"best_improvement"
"pmed21.txt",10,2000000,0.2,"best_improvement"
"pmed22.txt",10,2000000,0.2,"best_improvement"
"pmed23.txt",10,2000000,0.2,"best_improvement"
"pmed24.txt",10,2000000,0.2,"best_improvement"
"pmed25.txt",10,2000000,0.2,"best_improvement"
"pmed26.txt",10,2000000,0.2,"best_improvement"
"pmed27.txt",10,2000000,0.2,"best_improvement"
"pmed28.txt",10,2000000,0.2,"best_improvement"
"pmed29.txt",10,2000000,0.2,"best_improvement"
"pmed30.txt",10,2000000,0.2,"best_improvement"
"pmed31.txt",10,2000000,0.2,"best_improvement"
"pmed32.txt",10,2000000,0.2,"best_improvement"
"pmed33.txt",10,2000000,0.2,"best_improvement"
"pmed34.txt",10,2000000,0.2,"best_improvement"
"pmed35.txt",10,2000000,0.2,"best_improvement"
"pmed36.txt",10,2000000,0.2,"best_improvement"
"pmed37.txt",10,2000000,0.2,"best_improvement"
"pmed38.txt",10,2000000,0.2,"best_improvement"
"pmed39.txt",10,2000000,0.2,"best_improvement"
"pmed40.txt",10,2000000,0.2,"best_improvement"
